

INSERT INTO `common_subscriber` (`DTYPE`, `ID`, `ADDRESS`, `admin`, `FIRST_NAME`, `GENDER`, `LAST_MODIFIED_DATE`, `LAST_NAME`, `PASSWORD`, `POINTS`, `REG_DATE`, `SUB_STATE`, `USERNAME`, `AP_DONOR`, `BIRTH_DATE`, `BIRTH_MONTH`, `BLOOD_STOCK_ACCOUNT`, `BLOOD_TYPE`, `DISTRICT`, `DOB`, `EMAIL`, `HOME_ADDRESS`, `LAST_DONATED_DATE`, `NEXT_ELIGIBLE_DATE`, `NIC`, `REMARKS`) VALUES ('BBA',1,'12313165464','','Amila',0,'2014-02-22 12:56:38','Silva','3cb16b93335260382328671d59a5e33c',0,'2013-08-13',1,'amila','',14,2,'','O_P','Colombo','1989-02-14',NULL,NULL,'2013-08-13','2013-11-13','86349033v',NULL);
INSERT INTO `common_subscriber` (`DTYPE`, `ID`, `ADDRESS`, `admin`, `FIRST_NAME`, `GENDER`, `LAST_MODIFIED_DATE`, `LAST_NAME`, `PASSWORD`, `POINTS`, `REG_DATE`, `SUB_STATE`, `USERNAME`, `AP_DONOR`, `BIRTH_DATE`, `BIRTH_MONTH`, `BLOOD_STOCK_ACCOUNT`, `BLOOD_TYPE`, `DISTRICT`, `DOB`, `EMAIL`, `HOME_ADDRESS`, `LAST_DONATED_DATE`, `NEXT_ELIGIBLE_DATE`, `NIC`, `REMARKS`) VALUES ('BBA',2,'12313165454','','Manuja',0,NULL,'Jayamanna','3cb16b93335260382328671d59a5e33c',0,'2013-08-13',1,'manuja','',0,0,'','A_P','Gampaha',NULL,NULL,NULL,'2013-08-13','2013-10-13','86234033v',NULL);
INSERT INTO `common_subscriber` (`DTYPE`, `ID`, `ADDRESS`, `admin`, `FIRST_NAME`, `GENDER`, `LAST_MODIFIED_DATE`, `LAST_NAME`, `PASSWORD`, `POINTS`, `REG_DATE`, `SUB_STATE`, `USERNAME`, `AP_DONOR`, `BIRTH_DATE`, `BIRTH_MONTH`, `BLOOD_STOCK_ACCOUNT`, `BLOOD_TYPE`, `DISTRICT`, `DOB`, `EMAIL`, `HOME_ADDRESS`, `LAST_DONATED_DATE`, `NEXT_ELIGIBLE_DATE`, `NIC`, `REMARKS`) VALUES ('BBA',3,'12313165467','','Madavi',1,NULL,'Silva','3cb16b93335260382328671d59a5e33c',0,'2013-08-13',1,'madavi','',0,0,'','AB_P','Kandy',NULL,NULL,NULL,'2013-08-13','2013-11-01','82349033v',NULL);
INSERT INTO `common_subscriber` (`DTYPE`, `ID`, `ADDRESS`, `admin`, `FIRST_NAME`, `GENDER`, `LAST_MODIFIED_DATE`, `LAST_NAME`, `PASSWORD`, `POINTS`, `REG_DATE`, `SUB_STATE`, `USERNAME`, `AP_DONOR`, `BIRTH_DATE`, `BIRTH_MONTH`, `BLOOD_STOCK_ACCOUNT`, `BLOOD_TYPE`, `DISTRICT`, `DOB`, `EMAIL`, `HOME_ADDRESS`, `LAST_DONATED_DATE`, `NEXT_ELIGIBLE_DATE`, `NIC`, `REMARKS`) VALUES ('BBA',4,'12313165489','','Nethma',1,'2014-02-22 13:59:32','Silva','3cb16b93335260382328671d59a5e33c',0,'2013-08-13',1,'nethma','',19,2,'','B_P','Matara','1986-02-19',NULL,NULL,'2013-08-13','2013-11-03','82359033v','This donor is under weight.');
INSERT INTO `common_subscriber` (`DTYPE`, `ID`, `ADDRESS`, `admin`, `FIRST_NAME`, `GENDER`, `LAST_MODIFIED_DATE`, `LAST_NAME`, `PASSWORD`, `POINTS`, `REG_DATE`, `SUB_STATE`, `USERNAME`, `AP_DONOR`, `BIRTH_DATE`, `BIRTH_MONTH`, `BLOOD_STOCK_ACCOUNT`, `BLOOD_TYPE`, `DISTRICT`, `DOB`, `EMAIL`, `HOME_ADDRESS`, `LAST_DONATED_DATE`, `NEXT_ELIGIBLE_DATE`, `NIC`, `REMARKS`) VALUES ('BBA',5,'12313165457','','Ruchith',0,NULL,'Gunarathne','3cb16b93335260382328671d59a5e33c',0,'2013-08-13',1,'ruchith','',0,0,'','B_P','Jaffana',NULL,NULL,NULL,'2013-08-13','2013-11-05','92349033v',NULL);
INSERT INTO `common_subscriber` (`DTYPE`, `ID`, `ADDRESS`, `admin`, `FIRST_NAME`, `GENDER`, `LAST_MODIFIED_DATE`, `LAST_NAME`, `PASSWORD`, `POINTS`, `REG_DATE`, `SUB_STATE`, `USERNAME`, `AP_DONOR`, `BIRTH_DATE`, `BIRTH_MONTH`, `BLOOD_STOCK_ACCOUNT`, `BLOOD_TYPE`, `DISTRICT`, `DOB`, `EMAIL`, `HOME_ADDRESS`, `LAST_DONATED_DATE`, `NEXT_ELIGIBLE_DATE`, `NIC`, `REMARKS`) VALUES ('BBA',6,'12313165409','','Kanika',1,NULL,'Silva','3cb16b93335260382328671d59a5e33c',0,'2013-08-13',1,'kanika','',0,0,'','B_P','Kegalle',NULL,NULL,NULL,'2013-08-13','2013-11-06','92349033v',NULL);
INSERT INTO `common_subscriber` (`DTYPE`, `ID`, `ADDRESS`, `admin`, `FIRST_NAME`, `GENDER`, `LAST_MODIFIED_DATE`, `LAST_NAME`, `PASSWORD`, `POINTS`, `REG_DATE`, `SUB_STATE`, `USERNAME`, `AP_DONOR`, `BIRTH_DATE`, `BIRTH_MONTH`, `BLOOD_STOCK_ACCOUNT`, `BLOOD_TYPE`, `DISTRICT`, `DOB`, `EMAIL`, `HOME_ADDRESS`, `LAST_DONATED_DATE`, `NEXT_ELIGIBLE_DATE`, `NIC`, `REMARKS`) VALUES ('BBA',7,'12313165555','','Lanin',0,NULL,'Perera','3cb16b93335260382328671d59a5e33c',0,'2013-08-13',1,'lanin','',0,0,'','A_P','Galle',NULL,NULL,NULL,'2013-08-13','2013-11-13','96349033v',NULL);
INSERT INTO `common_subscriber` (`DTYPE`, `ID`, `ADDRESS`, `admin`, `FIRST_NAME`, `GENDER`, `LAST_MODIFIED_DATE`, `LAST_NAME`, `PASSWORD`, `POINTS`, `REG_DATE`, `SUB_STATE`, `USERNAME`, `AP_DONOR`, `BIRTH_DATE`, `BIRTH_MONTH`, `BLOOD_STOCK_ACCOUNT`, `BLOOD_TYPE`, `DISTRICT`, `DOB`, `EMAIL`, `HOME_ADDRESS`, `LAST_DONATED_DATE`, `NEXT_ELIGIBLE_DATE`, `NIC`, `REMARKS`) VALUES ('BBA',8,'12313165966','','Nalin',0,'2014-02-22 12:57:07','Cooray','3cb16b93335260382328671d59a5e33c',0,'2013-08-13',1,'nalin','',27,5,'','O_P','Colombo','1985-05-27',NULL,NULL,'2013-08-13','2013-12-13','90349033v',NULL);

INSERT INTO `common_subscriber` (`DTYPE`, `ID`, `ADDRESS`, `admin`, `FIRST_NAME`, `GENDER`, `LAST_MODIFIED_DATE`, `LAST_NAME`, `PASSWORD`, `POINTS`, `REG_DATE`, `SUB_STATE`, `USERNAME`, `AP_DONOR`, `BIRTH_DATE`, `BIRTH_MONTH`, `BLOOD_STOCK_ACCOUNT`, `BLOOD_TYPE`, `DISTRICT`, `DOB`, `EMAIL`, `HOME_ADDRESS`, `LAST_DONATED_DATE`, `NEXT_ELIGIBLE_DATE`, `NIC`, `REMARKS`) VALUES ('BBA',9,'12313165960','','Nalin',0,'2014-02-22 12:57:07','Cooray','3cb16b93335260382328671d59a5e33c',0,'2013-08-13',1,'nalin','',27,5,'','O_P','Colombo','1985-05-27',NULL,NULL,'2013-08-13','2013-12-13','90349033v',NULL);
INSERT INTO `common_subscriber` (`DTYPE`, `ID`, `ADDRESS`, `admin`, `FIRST_NAME`, `GENDER`, `LAST_MODIFIED_DATE`, `LAST_NAME`, `PASSWORD`, `POINTS`, `REG_DATE`, `SUB_STATE`, `USERNAME`, `AP_DONOR`, `BIRTH_DATE`, `BIRTH_MONTH`, `BLOOD_STOCK_ACCOUNT`, `BLOOD_TYPE`, `DISTRICT`, `DOB`, `EMAIL`, `HOME_ADDRESS`, `LAST_DONATED_DATE`, `NEXT_ELIGIBLE_DATE`, `NIC`, `REMARKS`) VALUES ('BBA',10,'12313165986','','Nalin',0,'2014-02-22 12:57:07','Cooray','3cb16b93335260382328671d59a5e33c',0,'2013-08-13',1,'nalin','',27,5,'','O_P','Colombo','1985-05-27',NULL,NULL,'2013-08-13','2013-12-13','90349033v',NULL);
INSERT INTO `common_subscriber` (`DTYPE`, `ID`, `ADDRESS`, `admin`, `FIRST_NAME`, `GENDER`, `LAST_MODIFIED_DATE`, `LAST_NAME`, `PASSWORD`, `POINTS`, `REG_DATE`, `SUB_STATE`, `USERNAME`, `AP_DONOR`, `BIRTH_DATE`, `BIRTH_MONTH`, `BLOOD_STOCK_ACCOUNT`, `BLOOD_TYPE`, `DISTRICT`, `DOB`, `EMAIL`, `HOME_ADDRESS`, `LAST_DONATED_DATE`, `NEXT_ELIGIBLE_DATE`, `NIC`, `REMARKS`) VALUES ('BBA',11,'12313165996','','Nalin',0,'2014-02-22 12:57:07','Cooray','3cb16b93335260382328671d59a5e33c',0,'2013-08-13',1,'nalin','',27,5,'','O_P','Colombo','1985-05-27',NULL,NULL,'2013-08-13','2013-12-13','90349033v',NULL);
INSERT INTO `common_subscriber` (`DTYPE`, `ID`, `ADDRESS`, `admin`, `FIRST_NAME`, `GENDER`, `LAST_MODIFIED_DATE`, `LAST_NAME`, `PASSWORD`, `POINTS`, `REG_DATE`, `SUB_STATE`, `USERNAME`, `AP_DONOR`, `BIRTH_DATE`, `BIRTH_MONTH`, `BLOOD_STOCK_ACCOUNT`, `BLOOD_TYPE`, `DISTRICT`, `DOB`, `EMAIL`, `HOME_ADDRESS`, `LAST_DONATED_DATE`, `NEXT_ELIGIBLE_DATE`, `NIC`, `REMARKS`) VALUES ('BBA',12,'12313165906','','Nalin',0,'2014-02-22 12:57:07','Cooray','3cb16b93335260382328671d59a5e33c',0,'2013-08-13',1,'nalin','',27,5,'','O_P','Colombo','1985-05-27',NULL,NULL,'2013-08-13','2013-12-13','90349033v',NULL);
INSERT INTO `common_subscriber` (`DTYPE`, `ID`, `ADDRESS`, `admin`, `FIRST_NAME`, `GENDER`, `LAST_MODIFIED_DATE`, `LAST_NAME`, `PASSWORD`, `POINTS`, `REG_DATE`, `SUB_STATE`, `USERNAME`, `AP_DONOR`, `BIRTH_DATE`, `BIRTH_MONTH`, `BLOOD_STOCK_ACCOUNT`, `BLOOD_TYPE`, `DISTRICT`, `DOB`, `EMAIL`, `HOME_ADDRESS`, `LAST_DONATED_DATE`, `NEXT_ELIGIBLE_DATE`, `NIC`, `REMARKS`) VALUES ('BBA',13,'12313165166','','Nalin',0,'2014-02-22 12:57:07','Cooray','3cb16b93335260382328671d59a5e33c',0,'2013-08-13',1,'nalin','',27,5,'','O_P','Colombo','1985-05-27',NULL,NULL,'2013-08-13','2013-12-13','90349033v',NULL);
INSERT INTO `common_subscriber` (`DTYPE`, `ID`, `ADDRESS`, `admin`, `FIRST_NAME`, `GENDER`, `LAST_MODIFIED_DATE`, `LAST_NAME`, `PASSWORD`, `POINTS`, `REG_DATE`, `SUB_STATE`, `USERNAME`, `AP_DONOR`, `BIRTH_DATE`, `BIRTH_MONTH`, `BLOOD_STOCK_ACCOUNT`, `BLOOD_TYPE`, `DISTRICT`, `DOB`, `EMAIL`, `HOME_ADDRESS`, `LAST_DONATED_DATE`, `NEXT_ELIGIBLE_DATE`, `NIC`, `REMARKS`) VALUES ('BBA',14,'12313165266','','Nalin',0,'2014-02-22 12:57:07','Cooray','3cb16b93335260382328671d59a5e33c',0,'2013-08-13',1,'nalin','',27,5,'','O_P','Colombo','1985-05-27',NULL,NULL,'2013-08-13','2013-12-13','90349033v',NULL);
INSERT INTO `common_subscriber` (`DTYPE`, `ID`, `ADDRESS`, `admin`, `FIRST_NAME`, `GENDER`, `LAST_MODIFIED_DATE`, `LAST_NAME`, `PASSWORD`, `POINTS`, `REG_DATE`, `SUB_STATE`, `USERNAME`, `AP_DONOR`, `BIRTH_DATE`, `BIRTH_MONTH`, `BLOOD_STOCK_ACCOUNT`, `BLOOD_TYPE`, `DISTRICT`, `DOB`, `EMAIL`, `HOME_ADDRESS`, `LAST_DONATED_DATE`, `NEXT_ELIGIBLE_DATE`, `NIC`, `REMARKS`) VALUES ('BBA',15,'12313265266','','Nalin',0,'2014-02-22 12:57:07','Cooray','3cb16b93335260382328671d59a5e33c',0,'2013-08-13',1,'nalin','',27,5,'','O_P','Colombo','1985-05-27',NULL,NULL,'2013-08-13','2013-12-13','90349033v',NULL);
INSERT INTO `common_subscriber` (`DTYPE`, `ID`, `ADDRESS`, `admin`, `FIRST_NAME`, `GENDER`, `LAST_MODIFIED_DATE`, `LAST_NAME`, `PASSWORD`, `POINTS`, `REG_DATE`, `SUB_STATE`, `USERNAME`, `AP_DONOR`, `BIRTH_DATE`, `BIRTH_MONTH`, `BLOOD_STOCK_ACCOUNT`, `BLOOD_TYPE`, `DISTRICT`, `DOB`, `EMAIL`, `HOME_ADDRESS`, `LAST_DONATED_DATE`, `NEXT_ELIGIBLE_DATE`, `NIC`, `REMARKS`) VALUES ('BBA',16,'12313165366','','Nalin',0,'2014-02-22 12:57:07','Cooray','3cb16b93335260382328671d59a5e33c',0,'2013-08-13',1,'nalin','',27,5,'','O_P','Colombo','1985-05-27',NULL,NULL,'2013-08-13','2013-12-13','90349033v',NULL);
INSERT INTO `common_subscriber` (`DTYPE`, `ID`, `ADDRESS`, `admin`, `FIRST_NAME`, `GENDER`, `LAST_MODIFIED_DATE`, `LAST_NAME`, `PASSWORD`, `POINTS`, `REG_DATE`, `SUB_STATE`, `USERNAME`, `AP_DONOR`, `BIRTH_DATE`, `BIRTH_MONTH`, `BLOOD_STOCK_ACCOUNT`, `BLOOD_TYPE`, `DISTRICT`, `DOB`, `EMAIL`, `HOME_ADDRESS`, `LAST_DONATED_DATE`, `NEXT_ELIGIBLE_DATE`, `NIC`, `REMARKS`) VALUES ('BBA',17,'12313165466','','Nalin',0,'2014-02-22 12:57:07','Cooray','3cb16b93335260382328671d59a5e33c',0,'2013-08-13',1,'nalin','',27,5,'','O_P','Colombo','1985-05-27',NULL,NULL,'2013-08-13','2013-12-13','90349033v',NULL);
INSERT INTO `common_subscriber` (`DTYPE`, `ID`, `ADDRESS`, `admin`, `FIRST_NAME`, `GENDER`, `LAST_MODIFIED_DATE`, `LAST_NAME`, `PASSWORD`, `POINTS`, `REG_DATE`, `SUB_STATE`, `USERNAME`, `AP_DONOR`, `BIRTH_DATE`, `BIRTH_MONTH`, `BLOOD_STOCK_ACCOUNT`, `BLOOD_TYPE`, `DISTRICT`, `DOB`, `EMAIL`, `HOME_ADDRESS`, `LAST_DONATED_DATE`, `NEXT_ELIGIBLE_DATE`, `NIC`, `REMARKS`) VALUES ('BBA',18,'12313165566','','Nalin',0,'2014-02-22 12:57:07','Cooray','3cb16b93335260382328671d59a5e33c',0,'2013-08-13',1,'nalin','',27,5,'','O_P','Colombo','1985-05-27',NULL,NULL,'2013-08-13','2013-12-13','90349033v',NULL);
INSERT INTO `common_subscriber` (`DTYPE`, `ID`, `ADDRESS`, `admin`, `FIRST_NAME`, `GENDER`, `LAST_MODIFIED_DATE`, `LAST_NAME`, `PASSWORD`, `POINTS`, `REG_DATE`, `SUB_STATE`, `USERNAME`, `AP_DONOR`, `BIRTH_DATE`, `BIRTH_MONTH`, `BLOOD_STOCK_ACCOUNT`, `BLOOD_TYPE`, `DISTRICT`, `DOB`, `EMAIL`, `HOME_ADDRESS`, `LAST_DONATED_DATE`, `NEXT_ELIGIBLE_DATE`, `NIC`, `REMARKS`) VALUES ('BBA',19,'12313165666','','Nalin',0,'2014-02-22 12:57:07','Cooray','3cb16b93335260382328671d59a5e33c',0,'2013-08-13',1,'nalin','',27,5,'','O_P','Colombo','1985-05-27',NULL,NULL,'2013-08-13','2013-12-13','90349033v',NULL);
INSERT INTO `common_subscriber` (`DTYPE`, `ID`, `ADDRESS`, `admin`, `FIRST_NAME`, `GENDER`, `LAST_MODIFIED_DATE`, `LAST_NAME`, `PASSWORD`, `POINTS`, `REG_DATE`, `SUB_STATE`, `USERNAME`, `AP_DONOR`, `BIRTH_DATE`, `BIRTH_MONTH`, `BLOOD_STOCK_ACCOUNT`, `BLOOD_TYPE`, `DISTRICT`, `DOB`, `EMAIL`, `HOME_ADDRESS`, `LAST_DONATED_DATE`, `NEXT_ELIGIBLE_DATE`, `NIC`, `REMARKS`) VALUES ('BBA',20,'12313165766','','Nalin',0,'2014-02-22 12:57:07','Cooray','3cb16b93335260382328671d59a5e33c',0,'2013-08-13',1,'nalin','',27,5,'','O_P','Colombo','1985-05-27',NULL,NULL,'2013-08-13','2013-12-13','90349033v',NULL);
INSERT INTO `common_subscriber` (`DTYPE`, `ID`, `ADDRESS`, `admin`, `FIRST_NAME`, `GENDER`, `LAST_MODIFIED_DATE`, `LAST_NAME`, `PASSWORD`, `POINTS`, `REG_DATE`, `SUB_STATE`, `USERNAME`, `AP_DONOR`, `BIRTH_DATE`, `BIRTH_MONTH`, `BLOOD_STOCK_ACCOUNT`, `BLOOD_TYPE`, `DISTRICT`, `DOB`, `EMAIL`, `HOME_ADDRESS`, `LAST_DONATED_DATE`, `NEXT_ELIGIBLE_DATE`, `NIC`, `REMARKS`) VALUES ('BBA',21,'12313165866','','Nalin',0,'2014-02-22 12:57:07','Cooray','3cb16b93335260382328671d59a5e33c',0,'2013-08-13',1,'nalin','',27,5,'','O_P','Colombo','1985-05-27',NULL,NULL,'2013-08-13','2013-12-13','90349033v',NULL);
INSERT INTO `common_subscriber` (`DTYPE`, `ID`, `ADDRESS`, `admin`, `FIRST_NAME`, `GENDER`, `LAST_MODIFIED_DATE`, `LAST_NAME`, `PASSWORD`, `POINTS`, `REG_DATE`, `SUB_STATE`, `USERNAME`, `AP_DONOR`, `BIRTH_DATE`, `BIRTH_MONTH`, `BLOOD_STOCK_ACCOUNT`, `BLOOD_TYPE`, `DISTRICT`, `DOB`, `EMAIL`, `HOME_ADDRESS`, `LAST_DONATED_DATE`, `NEXT_ELIGIBLE_DATE`, `NIC`, `REMARKS`) VALUES ('BBA',22,'12413165966','','Nalin',0,'2014-02-22 12:57:07','Cooray','3cb16b93335260382328671d59a5e33c',0,'2013-08-13',1,'nalin','',27,5,'','O_P','Colombo','1985-05-27',NULL,NULL,'2013-08-13','2013-12-13','90349033v',NULL);
INSERT INTO `common_subscriber` (`DTYPE`, `ID`, `ADDRESS`, `admin`, `FIRST_NAME`, `GENDER`, `LAST_MODIFIED_DATE`, `LAST_NAME`, `PASSWORD`, `POINTS`, `REG_DATE`, `SUB_STATE`, `USERNAME`, `AP_DONOR`, `BIRTH_DATE`, `BIRTH_MONTH`, `BLOOD_STOCK_ACCOUNT`, `BLOOD_TYPE`, `DISTRICT`, `DOB`, `EMAIL`, `HOME_ADDRESS`, `LAST_DONATED_DATE`, `NEXT_ELIGIBLE_DATE`, `NIC`, `REMARKS`) VALUES ('BBA',23,'12313161966','','Nalin',0,'2014-02-22 12:57:07','Cooray','3cb16b93335260382328671d59a5e33c',0,'2013-08-13',1,'nalin','',27,5,'','O_P','Colombo','1985-05-27',NULL,NULL,'2013-08-13','2013-12-13','90349033v',NULL);
INSERT INTO `common_subscriber` (`DTYPE`, `ID`, `ADDRESS`, `admin`, `FIRST_NAME`, `GENDER`, `LAST_MODIFIED_DATE`, `LAST_NAME`, `PASSWORD`, `POINTS`, `REG_DATE`, `SUB_STATE`, `USERNAME`, `AP_DONOR`, `BIRTH_DATE`, `BIRTH_MONTH`, `BLOOD_STOCK_ACCOUNT`, `BLOOD_TYPE`, `DISTRICT`, `DOB`, `EMAIL`, `HOME_ADDRESS`, `LAST_DONATED_DATE`, `NEXT_ELIGIBLE_DATE`, `NIC`, `REMARKS`) VALUES ('BBA',24,'12313162966','','Nalin',0,'2014-02-22 12:57:07','Cooray','3cb16b93335260382328671d59a5e33c',0,'2013-08-13',1,'nalin','',27,5,'','O_P','Colombo','1985-05-27',NULL,NULL,'2013-08-13','2013-12-13','90349033v',NULL);
INSERT INTO `common_subscriber` (`DTYPE`, `ID`, `ADDRESS`, `admin`, `FIRST_NAME`, `GENDER`, `LAST_MODIFIED_DATE`, `LAST_NAME`, `PASSWORD`, `POINTS`, `REG_DATE`, `SUB_STATE`, `USERNAME`, `AP_DONOR`, `BIRTH_DATE`, `BIRTH_MONTH`, `BLOOD_STOCK_ACCOUNT`, `BLOOD_TYPE`, `DISTRICT`, `DOB`, `EMAIL`, `HOME_ADDRESS`, `LAST_DONATED_DATE`, `NEXT_ELIGIBLE_DATE`, `NIC`, `REMARKS`) VALUES ('BBA',25,'12313163966','','Nalin',0,'2014-02-22 12:57:07','Cooray','3cb16b93335260382328671d59a5e33c',0,'2013-08-13',1,'nalin','',27,5,'','O_P','Colombo','1985-05-27',NULL,NULL,'2013-08-13','2013-12-13','90349033v',NULL);
INSERT INTO `common_subscriber` (`DTYPE`, `ID`, `ADDRESS`, `admin`, `FIRST_NAME`, `GENDER`, `LAST_MODIFIED_DATE`, `LAST_NAME`, `PASSWORD`, `POINTS`, `REG_DATE`, `SUB_STATE`, `USERNAME`, `AP_DONOR`, `BIRTH_DATE`, `BIRTH_MONTH`, `BLOOD_STOCK_ACCOUNT`, `BLOOD_TYPE`, `DISTRICT`, `DOB`, `EMAIL`, `HOME_ADDRESS`, `LAST_DONATED_DATE`, `NEXT_ELIGIBLE_DATE`, `NIC`, `REMARKS`) VALUES ('BBA',26,'12313164966','','Nalin',0,'2014-02-22 12:57:07','Cooray','3cb16b93335260382328671d59a5e33c',0,'2013-08-13',1,'nalin','',27,5,'','O_P','Colombo','1985-05-27',NULL,NULL,'2013-08-13','2013-12-13','90349033v',NULL);
INSERT INTO `common_subscriber` (`DTYPE`, `ID`, `ADDRESS`, `admin`, `FIRST_NAME`, `GENDER`, `LAST_MODIFIED_DATE`, `LAST_NAME`, `PASSWORD`, `POINTS`, `REG_DATE`, `SUB_STATE`, `USERNAME`, `AP_DONOR`, `BIRTH_DATE`, `BIRTH_MONTH`, `BLOOD_STOCK_ACCOUNT`, `BLOOD_TYPE`, `DISTRICT`, `DOB`, `EMAIL`, `HOME_ADDRESS`, `LAST_DONATED_DATE`, `NEXT_ELIGIBLE_DATE`, `NIC`, `REMARKS`) VALUES ('BBA',27,'12323165966','','Nalin',0,'2014-02-22 12:57:07','Cooray','3cb16b93335260382328671d59a5e33c',0,'2013-08-13',1,'nalin','',27,5,'','O_P','Colombo','1985-05-27',NULL,NULL,'2013-08-13','2013-12-13','90349033v',NULL);
INSERT INTO `common_subscriber` (`DTYPE`, `ID`, `ADDRESS`, `admin`, `FIRST_NAME`, `GENDER`, `LAST_MODIFIED_DATE`, `LAST_NAME`, `PASSWORD`, `POINTS`, `REG_DATE`, `SUB_STATE`, `USERNAME`, `AP_DONOR`, `BIRTH_DATE`, `BIRTH_MONTH`, `BLOOD_STOCK_ACCOUNT`, `BLOOD_TYPE`, `DISTRICT`, `DOB`, `EMAIL`, `HOME_ADDRESS`, `LAST_DONATED_DATE`, `NEXT_ELIGIBLE_DATE`, `NIC`, `REMARKS`) VALUES ('BBA',28,'12333166966','','Nalin',0,'2014-02-22 12:57:07','Cooray','3cb16b93335260382328671d59a5e33c',0,'2013-08-13',1,'nalin','',27,5,'','O_P','Colombo','1985-05-27',NULL,NULL,'2013-08-13','2013-12-13','90349033v',NULL);
INSERT INTO `common_subscriber` (`DTYPE`, `ID`, `ADDRESS`, `admin`, `FIRST_NAME`, `GENDER`, `LAST_MODIFIED_DATE`, `LAST_NAME`, `PASSWORD`, `POINTS`, `REG_DATE`, `SUB_STATE`, `USERNAME`, `AP_DONOR`, `BIRTH_DATE`, `BIRTH_MONTH`, `BLOOD_STOCK_ACCOUNT`, `BLOOD_TYPE`, `DISTRICT`, `DOB`, `EMAIL`, `HOME_ADDRESS`, `LAST_DONATED_DATE`, `NEXT_ELIGIBLE_DATE`, `NIC`, `REMARKS`) VALUES ('BBA',29,'12343167966','','Nalin',0,'2014-02-22 12:57:07','Cooray','3cb16b93335260382328671d59a5e33c',0,'2013-08-13',1,'nalin','',27,5,'','O_P','Colombo','1985-05-27',NULL,NULL,'2013-08-13','2013-12-13','90349033v',NULL);
INSERT INTO `common_subscriber` (`DTYPE`, `ID`, `ADDRESS`, `admin`, `FIRST_NAME`, `GENDER`, `LAST_MODIFIED_DATE`, `LAST_NAME`, `PASSWORD`, `POINTS`, `REG_DATE`, `SUB_STATE`, `USERNAME`, `AP_DONOR`, `BIRTH_DATE`, `BIRTH_MONTH`, `BLOOD_STOCK_ACCOUNT`, `BLOOD_TYPE`, `DISTRICT`, `DOB`, `EMAIL`, `HOME_ADDRESS`, `LAST_DONATED_DATE`, `NEXT_ELIGIBLE_DATE`, `NIC`, `REMARKS`) VALUES ('BBA',30,'12353168966','','Nalin',0,'2014-02-22 12:57:07','Cooray','3cb16b93335260382328671d59a5e33c',0,'2013-08-13',1,'nalin','',27,5,'','O_P','Colombo','1985-05-27',NULL,NULL,'2013-08-13','2013-12-13','90349033v',NULL);
INSERT INTO `common_subscriber` (`DTYPE`, `ID`, `ADDRESS`, `admin`, `FIRST_NAME`, `GENDER`, `LAST_MODIFIED_DATE`, `LAST_NAME`, `PASSWORD`, `POINTS`, `REG_DATE`, `SUB_STATE`, `USERNAME`, `AP_DONOR`, `BIRTH_DATE`, `BIRTH_MONTH`, `BLOOD_STOCK_ACCOUNT`, `BLOOD_TYPE`, `DISTRICT`, `DOB`, `EMAIL`, `HOME_ADDRESS`, `LAST_DONATED_DATE`, `NEXT_ELIGIBLE_DATE`, `NIC`, `REMARKS`) VALUES ('BBA',31,'12363169966','','Nalin',0,'2014-02-22 12:57:07','Cooray','3cb16b93335260382328671d59a5e33c',0,'2013-08-13',1,'nalin','',27,5,'','O_P','Colombo','1985-05-27',NULL,NULL,'2013-08-13','2013-12-13','90349033v',NULL);
INSERT INTO `common_subscriber` (`DTYPE`, `ID`, `ADDRESS`, `admin`, `FIRST_NAME`, `GENDER`, `LAST_MODIFIED_DATE`, `LAST_NAME`, `PASSWORD`, `POINTS`, `REG_DATE`, `SUB_STATE`, `USERNAME`, `AP_DONOR`, `BIRTH_DATE`, `BIRTH_MONTH`, `BLOOD_STOCK_ACCOUNT`, `BLOOD_TYPE`, `DISTRICT`, `DOB`, `EMAIL`, `HOME_ADDRESS`, `LAST_DONATED_DATE`, `NEXT_ELIGIBLE_DATE`, `NIC`, `REMARKS`) VALUES ('BBA',32,'12373160966','','Nalin',0,'2014-02-22 12:57:07','Cooray','3cb16b93335260382328671d59a5e33c',0,'2013-08-13',1,'nalin','',27,5,'','O_P','Colombo','1985-05-27',NULL,NULL,'2013-08-13','2013-12-13','90349033v',NULL);
INSERT INTO `common_subscriber` (`DTYPE`, `ID`, `ADDRESS`, `admin`, `FIRST_NAME`, `GENDER`, `LAST_MODIFIED_DATE`, `LAST_NAME`, `PASSWORD`, `POINTS`, `REG_DATE`, `SUB_STATE`, `USERNAME`, `AP_DONOR`, `BIRTH_DATE`, `BIRTH_MONTH`, `BLOOD_STOCK_ACCOUNT`, `BLOOD_TYPE`, `DISTRICT`, `DOB`, `EMAIL`, `HOME_ADDRESS`, `LAST_DONATED_DATE`, `NEXT_ELIGIBLE_DATE`, `NIC`, `REMARKS`) VALUES ('BBA',33,'12383115966','','Nalin',0,'2014-02-22 12:57:07','Cooray','3cb16b93335260382328671d59a5e33c',0,'2013-08-13',1,'nalin','',27,5,'','O_P','Colombo','1985-05-27',NULL,NULL,'2013-08-13','2013-12-13','90349033v',NULL);
INSERT INTO `common_subscriber` (`DTYPE`, `ID`, `ADDRESS`, `admin`, `FIRST_NAME`, `GENDER`, `LAST_MODIFIED_DATE`, `LAST_NAME`, `PASSWORD`, `POINTS`, `REG_DATE`, `SUB_STATE`, `USERNAME`, `AP_DONOR`, `BIRTH_DATE`, `BIRTH_MONTH`, `BLOOD_STOCK_ACCOUNT`, `BLOOD_TYPE`, `DISTRICT`, `DOB`, `EMAIL`, `HOME_ADDRESS`, `LAST_DONATED_DATE`, `NEXT_ELIGIBLE_DATE`, `NIC`, `REMARKS`) VALUES ('BBA',34,'12393125966','','Nalin',0,'2014-02-22 12:57:07','Cooray','3cb16b93335260382328671d59a5e33c',0,'2013-08-13',1,'nalin','',27,5,'','O_P','Colombo','1985-05-27',NULL,NULL,'2013-08-13','2013-12-13','90349033v',NULL);
INSERT INTO `common_subscriber` (`DTYPE`, `ID`, `ADDRESS`, `admin`, `FIRST_NAME`, `GENDER`, `LAST_MODIFIED_DATE`, `LAST_NAME`, `PASSWORD`, `POINTS`, `REG_DATE`, `SUB_STATE`, `USERNAME`, `AP_DONOR`, `BIRTH_DATE`, `BIRTH_MONTH`, `BLOOD_STOCK_ACCOUNT`, `BLOOD_TYPE`, `DISTRICT`, `DOB`, `EMAIL`, `HOME_ADDRESS`, `LAST_DONATED_DATE`, `NEXT_ELIGIBLE_DATE`, `NIC`, `REMARKS`) VALUES ('BBA',35,'12303135966','','Nalin',0,'2014-02-22 12:57:07','Cooray','3cb16b93335260382328671d59a5e33c',0,'2013-08-13',1,'nalin','',27,5,'','O_P','Colombo','1985-05-27',NULL,NULL,'2013-08-13','2013-12-13','90349033v',NULL);
INSERT INTO `common_subscriber` (`DTYPE`, `ID`, `ADDRESS`, `admin`, `FIRST_NAME`, `GENDER`, `LAST_MODIFIED_DATE`, `LAST_NAME`, `PASSWORD`, `POINTS`, `REG_DATE`, `SUB_STATE`, `USERNAME`, `AP_DONOR`, `BIRTH_DATE`, `BIRTH_MONTH`, `BLOOD_STOCK_ACCOUNT`, `BLOOD_TYPE`, `DISTRICT`, `DOB`, `EMAIL`, `HOME_ADDRESS`, `LAST_DONATED_DATE`, `NEXT_ELIGIBLE_DATE`, `NIC`, `REMARKS`) VALUES ('BBA',36,'12413145966','','Nalin',0,'2014-02-22 12:57:07','Cooray','3cb16b93335260382328671d59a5e33c',0,'2013-08-13',1,'nalin','',27,5,'','O_P','Colombo','1985-05-27',NULL,NULL,'2013-08-13','2013-12-13','90349033v',NULL);


INSERT INTO `common_subscriber_user_roles` (`SUBSCRIBER_ID`, `USER_ROLE`) VALUES (1,'ADMIN');
INSERT INTO `common_subscriber_user_roles` (`SUBSCRIBER_ID`, `USER_ROLE`) VALUES (1,'DONOR');
INSERT INTO `common_subscriber_user_roles` (`SUBSCRIBER_ID`, `USER_ROLE`) VALUES (2,'DONOR');
INSERT INTO `common_subscriber_user_roles` (`SUBSCRIBER_ID`, `USER_ROLE`) VALUES (3,'DONOR');
INSERT INTO `common_subscriber_user_roles` (`SUBSCRIBER_ID`, `USER_ROLE`) VALUES (4,'DONOR');
INSERT INTO `common_subscriber_user_roles` (`SUBSCRIBER_ID`, `USER_ROLE`) VALUES (5,'DONOR');
INSERT INTO `common_subscriber_user_roles` (`SUBSCRIBER_ID`, `USER_ROLE`) VALUES (1,'SYS_USER');
INSERT INTO `common_subscriber_user_roles` (`SUBSCRIBER_ID`, `USER_ROLE`) VALUES (4,'SYS_USER');
INSERT INTO `common_subscriber_user_roles` (`SUBSCRIBER_ID`, `USER_ROLE`) VALUES (6,'SYS_USER');
INSERT INTO `common_subscriber_user_roles` (`SUBSCRIBER_ID`, `USER_ROLE`) VALUES (1,'CENTER_ADMIN');
INSERT INTO `common_subscriber_user_roles` (`SUBSCRIBER_ID`, `USER_ROLE`) VALUES (2,'CENTER_ADMIN');
INSERT INTO `common_subscriber_user_roles` (`SUBSCRIBER_ID`, `USER_ROLE`) VALUES (3,'CENTER_ADMIN');
INSERT INTO `common_subscriber_user_roles` (`SUBSCRIBER_ID`, `USER_ROLE`) VALUES (4,'CENTER_ADMIN');
INSERT INTO `common_subscriber_user_roles` (`SUBSCRIBER_ID`, `USER_ROLE`) VALUES (7,'CENTER_ADMIN');
INSERT INTO `common_subscriber_user_roles` (`SUBSCRIBER_ID`, `USER_ROLE`) VALUES (8,'CENTER_ADMIN');

INSERT INTO `common_subscriber_user_roles` (`SUBSCRIBER_ID`, `USER_ROLE`) VALUES (9,'DONOR');
INSERT INTO `common_subscriber_user_roles` (`SUBSCRIBER_ID`, `USER_ROLE`) VALUES (10,'DONOR');
INSERT INTO `common_subscriber_user_roles` (`SUBSCRIBER_ID`, `USER_ROLE`) VALUES (11,'DONOR');
INSERT INTO `common_subscriber_user_roles` (`SUBSCRIBER_ID`, `USER_ROLE`) VALUES (12,'DONOR');
INSERT INTO `common_subscriber_user_roles` (`SUBSCRIBER_ID`, `USER_ROLE`) VALUES (13,'DONOR');
INSERT INTO `common_subscriber_user_roles` (`SUBSCRIBER_ID`, `USER_ROLE`) VALUES (14,'DONOR');
INSERT INTO `common_subscriber_user_roles` (`SUBSCRIBER_ID`, `USER_ROLE`) VALUES (15,'DONOR');
INSERT INTO `common_subscriber_user_roles` (`SUBSCRIBER_ID`, `USER_ROLE`) VALUES (16,'DONOR');
INSERT INTO `common_subscriber_user_roles` (`SUBSCRIBER_ID`, `USER_ROLE`) VALUES (17,'DONOR');
INSERT INTO `common_subscriber_user_roles` (`SUBSCRIBER_ID`, `USER_ROLE`) VALUES (18,'DONOR');
INSERT INTO `common_subscriber_user_roles` (`SUBSCRIBER_ID`, `USER_ROLE`) VALUES (19,'DONOR');
INSERT INTO `common_subscriber_user_roles` (`SUBSCRIBER_ID`, `USER_ROLE`) VALUES (20,'DONOR');
INSERT INTO `common_subscriber_user_roles` (`SUBSCRIBER_ID`, `USER_ROLE`) VALUES (21,'DONOR');
INSERT INTO `common_subscriber_user_roles` (`SUBSCRIBER_ID`, `USER_ROLE`) VALUES (22,'DONOR');
INSERT INTO `common_subscriber_user_roles` (`SUBSCRIBER_ID`, `USER_ROLE`) VALUES (23,'DONOR');
INSERT INTO `common_subscriber_user_roles` (`SUBSCRIBER_ID`, `USER_ROLE`) VALUES (24,'DONOR');
INSERT INTO `common_subscriber_user_roles` (`SUBSCRIBER_ID`, `USER_ROLE`) VALUES (25,'DONOR');
INSERT INTO `common_subscriber_user_roles` (`SUBSCRIBER_ID`, `USER_ROLE`) VALUES (26,'DONOR');
INSERT INTO `common_subscriber_user_roles` (`SUBSCRIBER_ID`, `USER_ROLE`) VALUES (27,'DONOR');
INSERT INTO `common_subscriber_user_roles` (`SUBSCRIBER_ID`, `USER_ROLE`) VALUES (28,'DONOR');
INSERT INTO `common_subscriber_user_roles` (`SUBSCRIBER_ID`, `USER_ROLE`) VALUES (29,'DONOR');
INSERT INTO `common_subscriber_user_roles` (`SUBSCRIBER_ID`, `USER_ROLE`) VALUES (30,'DONOR');
INSERT INTO `common_subscriber_user_roles` (`SUBSCRIBER_ID`, `USER_ROLE`) VALUES (31,'DONOR');
INSERT INTO `common_subscriber_user_roles` (`SUBSCRIBER_ID`, `USER_ROLE`) VALUES (32,'DONOR');
INSERT INTO `common_subscriber_user_roles` (`SUBSCRIBER_ID`, `USER_ROLE`) VALUES (33,'DONOR');
INSERT INTO `common_subscriber_user_roles` (`SUBSCRIBER_ID`, `USER_ROLE`) VALUES (34,'DONOR');
INSERT INTO `common_subscriber_user_roles` (`SUBSCRIBER_ID`, `USER_ROLE`) VALUES (35,'DONOR');
INSERT INTO `common_subscriber_user_roles` (`SUBSCRIBER_ID`, `USER_ROLE`) VALUES (36,'DONOR');
INSERT INTO `common_subscriber_user_roles` (`SUBSCRIBER_ID`, `USER_ROLE`) VALUES (10,'SYS_USER');
INSERT INTO `common_subscriber_user_roles` (`SUBSCRIBER_ID`, `USER_ROLE`) VALUES (12,'SYS_USER');
INSERT INTO `common_subscriber_user_roles` (`SUBSCRIBER_ID`, `USER_ROLE`) VALUES (14,'SYS_USER');
INSERT INTO `common_subscriber_user_roles` (`SUBSCRIBER_ID`, `USER_ROLE`) VALUES (16,'SYS_USER');
INSERT INTO `common_subscriber_user_roles` (`SUBSCRIBER_ID`, `USER_ROLE`) VALUES (18,'SYS_USER');
INSERT INTO `common_subscriber_user_roles` (`SUBSCRIBER_ID`, `USER_ROLE`) VALUES (20,'SYS_USER');
INSERT INTO `common_subscriber_user_roles` (`SUBSCRIBER_ID`, `USER_ROLE`) VALUES (22,'SYS_USER');
INSERT INTO `common_subscriber_user_roles` (`SUBSCRIBER_ID`, `USER_ROLE`) VALUES (24,'SYS_USER');
INSERT INTO `common_subscriber_user_roles` (`SUBSCRIBER_ID`, `USER_ROLE`) VALUES (26,'SYS_USER');
INSERT INTO `common_subscriber_user_roles` (`SUBSCRIBER_ID`, `USER_ROLE`) VALUES (28,'SYS_USER');
INSERT INTO `common_subscriber_user_roles` (`SUBSCRIBER_ID`, `USER_ROLE`) VALUES (30,'SYS_USER');
INSERT INTO `common_subscriber_user_roles` (`SUBSCRIBER_ID`, `USER_ROLE`) VALUES (31,'SYS_USER');
INSERT INTO `common_subscriber_user_roles` (`SUBSCRIBER_ID`, `USER_ROLE`) VALUES (32,'SYS_USER');
INSERT INTO `common_subscriber_user_roles` (`SUBSCRIBER_ID`, `USER_ROLE`) VALUES (35,'SYS_USER');
INSERT INTO `common_subscriber_user_roles` (`SUBSCRIBER_ID`, `USER_ROLE`) VALUES (36,'SYS_USER');

INSERT INTO `donation_center` (`ID`, `ADDRESS`, `CENTER_NAME`, `CITY`, `CONTACT`, `DISTRICT`, `DONATION_DATE`, `LOCATION_TYPE`, `MAIN_OFFIER`, `ADMIN`) VALUES (1,'1, Kirula Rd','National Blood Bank','Narahenpita','Dr. Nihal','Colombo',NULL,0,'NBB',1);
INSERT INTO `donation_center` (`ID`, `ADDRESS`, `CENTER_NAME`, `CITY`, `CONTACT`, `DISTRICT`, `DONATION_DATE`, `LOCATION_TYPE`, `MAIN_OFFIER`, `ADMIN`) VALUES (2,'03, Main Rd','Kalubowila Hospital','Kalubowila','Dr. Gamini','Colombo',NULL,0,'Kalubowila Hospital',1);
INSERT INTO `donation_center` (`ID`, `ADDRESS`, `CENTER_NAME`, `CITY`, `CONTACT`, `DISTRICT`, `DONATION_DATE`, `LOCATION_TYPE`, `MAIN_OFFIER`, `ADMIN`) VALUES (3,'Main Rd','Matara Hospital','Matara North','Dr. Rehani','Matara',NULL,0,'Matara Hospital',1);
INSERT INTO `donation_center` (`ID`, `ADDRESS`, `CENTER_NAME`, `CITY`, `CONTACT`, `DISTRICT`, `DONATION_DATE`, `LOCATION_TYPE`, `MAIN_OFFIER`, `ADMIN`) VALUES (4,'09','Gampaha Hospital','Miriswatha','Dr.Kalum','Gampaha',NULL,0,'Gampaha Hospital',1);
INSERT INTO `donation_center` (`ID`, `ADDRESS`, `CENTER_NAME`, `CITY`, `CONTACT`, `DISTRICT`, `DONATION_DATE`, `LOCATION_TYPE`, `MAIN_OFFIER`, `ADMIN`) VALUES (5,'Budhaloka mw,','DS Blood donation drive','Colombo -7','Mr. Amila Silva','Colombo','2014-02-28',1,'DS OBA - 2005',NULL);
INSERT INTO `donation_center` (`ID`, `ADDRESS`, `CENTER_NAME`, `CITY`, `CONTACT`, `DISTRICT`, `DONATION_DATE`, `LOCATION_TYPE`, `MAIN_OFFIER`, `ADMIN`) VALUES (6,'1','Test Center 1','Dehiwela','Thusith','Colombo',NULL,0,'Test NGO',4);
INSERT INTO `donation_center` (`ID`, `ADDRESS`, `CENTER_NAME`, `CITY`, `CONTACT`, `DISTRICT`, `DONATION_DATE`, `LOCATION_TYPE`, `MAIN_OFFIER`, `ADMIN`) VALUES (7,'1','Test Center 2','Dehiwela','Kalum','Colombo',NULL,0,'Test NGO',4);
INSERT INTO `donation_center` (`ID`, `ADDRESS`, `CENTER_NAME`, `CITY`, `CONTACT`, `DISTRICT`, `DONATION_DATE`, `LOCATION_TYPE`, `MAIN_OFFIER`, `ADMIN`) VALUES (8,'1','Test Center 3','Dehiwela','Vinsent','Anuradhapura',NULL,0,'Test NGO',4);
INSERT INTO `donation_center` (`ID`, `ADDRESS`, `CENTER_NAME`, `CITY`, `CONTACT`, `DISTRICT`, `DONATION_DATE`, `LOCATION_TYPE`, `MAIN_OFFIER`, `ADMIN`) VALUES (9,'1','Test Center 4','Dehiwela','Stefan','Colombo',NULL,0,'Test NGO',4);
INSERT INTO `donation_center` (`ID`, `ADDRESS`, `CENTER_NAME`, `CITY`, `CONTACT`, `DISTRICT`, `DONATION_DATE`, `LOCATION_TYPE`, `MAIN_OFFIER`, `ADMIN`) VALUES (10,'1','Test Center 5','Dehiwela','Gangu','Galle',NULL,0,'Test NGO',4);
INSERT INTO `donation_center` (`ID`, `ADDRESS`, `CENTER_NAME`, `CITY`, `CONTACT`, `DISTRICT`, `DONATION_DATE`, `LOCATION_TYPE`, `MAIN_OFFIER`, `ADMIN`) VALUES (11,'1','Test Center 6','Dehiwela','Thusith','Galle',NULL,0,'Test NGO',4);
INSERT INTO `donation_center` (`ID`, `ADDRESS`, `CENTER_NAME`, `CITY`, `CONTACT`, `DISTRICT`, `DONATION_DATE`, `LOCATION_TYPE`, `MAIN_OFFIER`, `ADMIN`) VALUES (12,'1','Test Center 7','Dehiwela','Thusith','Galle',NULL,0,'Test NGO',4);
INSERT INTO `donation_center` (`ID`, `ADDRESS`, `CENTER_NAME`, `CITY`, `CONTACT`, `DISTRICT`, `DONATION_DATE`, `LOCATION_TYPE`, `MAIN_OFFIER`, `ADMIN`) VALUES (13,'1','Test Center 8','Dehiwela','Thusith','Kandy',NULL,0,'Test NGO',4);
INSERT INTO `donation_center` (`ID`, `ADDRESS`, `CENTER_NAME`, `CITY`, `CONTACT`, `DISTRICT`, `DONATION_DATE`, `LOCATION_TYPE`, `MAIN_OFFIER`, `ADMIN`) VALUES (14,'1','Test Center 9','Dehiwela','Thusith','Galle',NULL,0,'Test NGO',4);
INSERT INTO `donation_center` (`ID`, `ADDRESS`, `CENTER_NAME`, `CITY`, `CONTACT`, `DISTRICT`, `DONATION_DATE`, `LOCATION_TYPE`, `MAIN_OFFIER`, `ADMIN`) VALUES (15,'1','Test Center 10','Dehiwela','Thusith','Colombo',NULL,0,'Test NGO',4);
INSERT INTO `donation_center` (`ID`, `ADDRESS`, `CENTER_NAME`, `CITY`, `CONTACT`, `DISTRICT`, `DONATION_DATE`, `LOCATION_TYPE`, `MAIN_OFFIER`, `ADMIN`) VALUES (16,'1','Test Center 11','Dehiwela','Thusith','Kandy',NULL,0,'Test NGO',4);
INSERT INTO `donation_center` (`ID`, `ADDRESS`, `CENTER_NAME`, `CITY`, `CONTACT`, `DISTRICT`, `DONATION_DATE`, `LOCATION_TYPE`, `MAIN_OFFIER`, `ADMIN`) VALUES (17,'1','Test Center 12','Dehiwela','Thusith','Kandy',NULL,0,'Test NGO',4);
INSERT INTO `donation_center` (`ID`, `ADDRESS`, `CENTER_NAME`, `CITY`, `CONTACT`, `DISTRICT`, `DONATION_DATE`, `LOCATION_TYPE`, `MAIN_OFFIER`, `ADMIN`) VALUES (18,'1','Test Center 13','Dehiwela','Thusith','Colombo',NULL,0,'Test NGO',4);
INSERT INTO `donation_center` (`ID`, `ADDRESS`, `CENTER_NAME`, `CITY`, `CONTACT`, `DISTRICT`, `DONATION_DATE`, `LOCATION_TYPE`, `MAIN_OFFIER`, `ADMIN`) VALUES (19,'1','Test Center 14','Dehiwela','Thusith','Colombo',NULL,0,'Test NGO',4);
INSERT INTO `donation_center` (`ID`, `ADDRESS`, `CENTER_NAME`, `CITY`, `CONTACT`, `DISTRICT`, `DONATION_DATE`, `LOCATION_TYPE`, `MAIN_OFFIER`, `ADMIN`) VALUES (20,'1','Test Center 15','Dehiwela','Thusith','Kandy',NULL,0,'Test NGO',4);
INSERT INTO `donation_center` (`ID`, `ADDRESS`, `CENTER_NAME`, `CITY`, `CONTACT`, `DISTRICT`, `DONATION_DATE`, `LOCATION_TYPE`, `MAIN_OFFIER`, `ADMIN`) VALUES (21,'1','Test Center 16','Dehiwela','Thusith','Colombo',NULL,0,'Test NGO',4);
INSERT INTO `donation_center` (`ID`, `ADDRESS`, `CENTER_NAME`, `CITY`, `CONTACT`, `DISTRICT`, `DONATION_DATE`, `LOCATION_TYPE`, `MAIN_OFFIER`, `ADMIN`) VALUES (22,'1','Test Center 17','Dehiwela','Thusith','Polonnaruwa',NULL,0,'Test NGO',4);
INSERT INTO `donation_center` (`ID`, `ADDRESS`, `CENTER_NAME`, `CITY`, `CONTACT`, `DISTRICT`, `DONATION_DATE`, `LOCATION_TYPE`, `MAIN_OFFIER`, `ADMIN`) VALUES (23,'1','Test Center 18','Dehiwela','Thusith','Polonnaruwa',NULL,0,'Test NGO',4);
INSERT INTO `donation_center` (`ID`, `ADDRESS`, `CENTER_NAME`, `CITY`, `CONTACT`, `DISTRICT`, `DONATION_DATE`, `LOCATION_TYPE`, `MAIN_OFFIER`, `ADMIN`) VALUES (24,'1','Test Center 19','Dehiwela','Thusith','Vavuniya',NULL,0,'Test NGO',4);
INSERT INTO `donation_center` (`ID`, `ADDRESS`, `CENTER_NAME`, `CITY`, `CONTACT`, `DISTRICT`, `DONATION_DATE`, `LOCATION_TYPE`, `MAIN_OFFIER`, `ADMIN`) VALUES (25,'1','Test Center 20','Dehiwela','Thusith','Jaffna',NULL,0,'Test NGO',4);


INSERT INTO `blood_stk_history` (`ID`, `BLOOD_TYPE`, `RECORD_DATE`, `STOCK_COUNT`, `SUB_BLOOD_TYPE`, `CENTER_ID`) VALUES (1,1,'2014-02-22',200,1,1);
INSERT INTO `blood_stk_history` (`ID`, `BLOOD_TYPE`, `RECORD_DATE`, `STOCK_COUNT`, `SUB_BLOOD_TYPE`, `CENTER_ID`) VALUES (2,1,'2014-01-22',120,0,1);
INSERT INTO `blood_stk_history` (`ID`, `BLOOD_TYPE`, `RECORD_DATE`, `STOCK_COUNT`, `SUB_BLOOD_TYPE`, `CENTER_ID`) VALUES (3,2,'2014-02-02',300,1,1);
INSERT INTO `blood_stk_history` (`ID`, `BLOOD_TYPE`, `RECORD_DATE`, `STOCK_COUNT`, `SUB_BLOOD_TYPE`, `CENTER_ID`) VALUES (4,3,'2014-01-21',240,1,1);
INSERT INTO `blood_stk_history` (`ID`, `BLOOD_TYPE`, `RECORD_DATE`, `STOCK_COUNT`, `SUB_BLOOD_TYPE`, `CENTER_ID`) VALUES (5,4,'2014-02-01',509,1,2);
INSERT INTO `blood_stk_history` (`ID`, `BLOOD_TYPE`, `RECORD_DATE`, `STOCK_COUNT`, `SUB_BLOOD_TYPE`, `CENTER_ID`) VALUES (6,5,'2014-02-02',90,0,2);
INSERT INTO `blood_stk_history` (`ID`, `BLOOD_TYPE`, `RECORD_DATE`, `STOCK_COUNT`, `SUB_BLOOD_TYPE`, `CENTER_ID`) VALUES (7,6,'2014-02-24',34,1,3);
INSERT INTO `blood_stk_history` (`ID`, `BLOOD_TYPE`, `RECORD_DATE`, `STOCK_COUNT`, `SUB_BLOOD_TYPE`, `CENTER_ID`) VALUES (8,7,'2014-02-14',65,1,4);


INSERT INTO `bulk_message` (`ID`, `AP_DONOR`, `BLOOD_TYPE`, `CREATED_BY`, `CREATED_DATE`, `DISTRICT`, `TEXT_MESSAGE`, `NIC`, `IS_SCHEDULED_MSG`, `SCHEDULE_TIME`, `SEND_TO_ALL`) VALUES (1,'\0',NULL,'amila',NULL,NULL,'hi<name>asdsadsad',NULL,'','2014-02-28 18:27:01','');
INSERT INTO `bulk_message` (`ID`, `AP_DONOR`, `BLOOD_TYPE`, `CREATED_BY`, `CREATED_DATE`, `DISTRICT`, `TEXT_MESSAGE`, `NIC`, `IS_SCHEDULED_MSG`, `SCHEDULE_TIME`, `SEND_TO_ALL`) VALUES (2,'\0',NULL,NULL,NULL,'Colombo','hi<name>, <blood_type>',NULL,'','2014-02-26 18:29:13','\0');
INSERT INTO `bulk_message` (`ID`, `AP_DONOR`, `BLOOD_TYPE`, `CREATED_BY`, `CREATED_DATE`, `DISTRICT`, `TEXT_MESSAGE`, `NIC`, `IS_SCHEDULED_MSG`, `SCHEDULE_TIME`, `SEND_TO_ALL`) VALUES (3,'\0',NULL,'amila',NULL,'Colombo','hi <name>, <blood_type>, <nic>',NULL,'\0','2014-02-26 18:33:45','\0');
INSERT INTO `bulk_message` (`ID`, `AP_DONOR`, `BLOOD_TYPE`, `CREATED_BY`, `CREATED_DATE`, `DISTRICT`, `TEXT_MESSAGE`, `NIC`, `IS_SCHEDULED_MSG`, `SCHEDULE_TIME`, `SEND_TO_ALL`) VALUES (4,'\0',6,'amila',NULL,'Colombo','hi <name>, <nic>',NULL,'\0','2014-02-26 10:43:23','\0');


INSERT INTO `message_queue` (`ID`, `MESSAGE`, `SCHEDULED_DATE`, `SENT_BY`, `SENT_DATE`, `STATUS`, `TO_ADDRESS`, `BULK_MSG_ID`) VALUES (1,'hiasdsadsad','2014-02-28 18:27:01','BloodBank','2014-02-25 10:43:01','SENT',NULL,1);
INSERT INTO `message_queue` (`ID`, `MESSAGE`, `SCHEDULED_DATE`, `SENT_BY`, `SENT_DATE`, `STATUS`, `TO_ADDRESS`, `BULK_MSG_ID`) VALUES (2,'hiasdsadsad','2014-02-28 18:27:01','BloodBank','2014-02-25 10:43:01','SENT',NULL,1);
INSERT INTO `message_queue` (`ID`, `MESSAGE`, `SCHEDULED_DATE`, `SENT_BY`, `SENT_DATE`, `STATUS`, `TO_ADDRESS`, `BULK_MSG_ID`) VALUES (3,'hiasdsadsad','2014-02-28 18:27:01','BloodBank','2014-02-25 10:43:01','SENT',NULL,1);
INSERT INTO `message_queue` (`ID`, `MESSAGE`, `SCHEDULED_DATE`, `SENT_BY`, `SENT_DATE`, `STATUS`, `TO_ADDRESS`, `BULK_MSG_ID`) VALUES (4,'hiasdsadsad','2014-02-28 18:27:01','BloodBank','2014-02-25 10:43:01','SENT',NULL,1);
INSERT INTO `message_queue` (`ID`, `MESSAGE`, `SCHEDULED_DATE`, `SENT_BY`, `SENT_DATE`, `STATUS`, `TO_ADDRESS`, `BULK_MSG_ID`) VALUES (5,'hiasdsadsad','2014-02-28 18:27:01','BloodBank','2014-02-25 10:43:01','SENT',NULL,1);
INSERT INTO `message_queue` (`ID`, `MESSAGE`, `SCHEDULED_DATE`, `SENT_BY`, `SENT_DATE`, `STATUS`, `TO_ADDRESS`, `BULK_MSG_ID`) VALUES (6,'hiasdsadsad','2014-02-28 18:27:01','BloodBank','2014-02-25 10:43:01','SENT',NULL,1);
INSERT INTO `message_queue` (`ID`, `MESSAGE`, `SCHEDULED_DATE`, `SENT_BY`, `SENT_DATE`, `STATUS`, `TO_ADDRESS`, `BULK_MSG_ID`) VALUES (7,'hiasdsadsad','2014-02-28 18:27:01','BloodBank','2014-02-25 10:43:01','SENT',NULL,1);
INSERT INTO `message_queue` (`ID`, `MESSAGE`, `SCHEDULED_DATE`, `SENT_BY`, `SENT_DATE`, `STATUS`, `TO_ADDRESS`, `BULK_MSG_ID`) VALUES (8,'hiasdsadsad','2014-02-28 18:27:01','BloodBank','2014-02-25 10:43:01','SENT',NULL,1);
INSERT INTO `message_queue` (`ID`, `MESSAGE`, `SCHEDULED_DATE`, `SENT_BY`, `SENT_DATE`, `STATUS`, `TO_ADDRESS`, `BULK_MSG_ID`) VALUES (9,'hi, ','2014-02-26 18:29:13','BloodBank','2014-02-25 10:43:02','SENT',NULL,2);
INSERT INTO `message_queue` (`ID`, `MESSAGE`, `SCHEDULED_DATE`, `SENT_BY`, `SENT_DATE`, `STATUS`, `TO_ADDRESS`, `BULK_MSG_ID`) VALUES (10,'hi, ','2014-02-26 18:29:13','BloodBank','2014-02-25 10:43:02','SENT',NULL,2);
INSERT INTO `message_queue` (`ID`, `MESSAGE`, `SCHEDULED_DATE`, `SENT_BY`, `SENT_DATE`, `STATUS`, `TO_ADDRESS`, `BULK_MSG_ID`) VALUES (11,'hi , , ','2014-02-26 18:33:45','BloodBank','2014-02-25 10:43:02','SENT',NULL,3);
INSERT INTO `message_queue` (`ID`, `MESSAGE`, `SCHEDULED_DATE`, `SENT_BY`, `SENT_DATE`, `STATUS`, `TO_ADDRESS`, `BULK_MSG_ID`) VALUES (12,'hi , , ','2014-02-26 18:33:45','BloodBank','2014-02-25 10:43:02','SENT',NULL,3);
INSERT INTO `message_queue` (`ID`, `MESSAGE`, `SCHEDULED_DATE`, `SENT_BY`, `SENT_DATE`, `STATUS`, `TO_ADDRESS`, `BULK_MSG_ID`) VALUES (13,'hi Amila, 86349033v','2014-02-26 10:43:23','BloodBank','2014-02-25 10:45:01','SENT','12313165464',4);
INSERT INTO `message_queue` (`ID`, `MESSAGE`, `SCHEDULED_DATE`, `SENT_BY`, `SENT_DATE`, `STATUS`, `TO_ADDRESS`, `BULK_MSG_ID`) VALUES (14,'hi Nalin, 90349033v','2014-02-26 10:43:23','BloodBank','2014-02-25 10:45:01','SENT','12313165966',4);
